{"items":[{"family":"ABeeZee","variants":["regular","italic"]},{"family":"Abel","variants":["regular"]},{"family":"Abhaya Libre","variants":["regular","500","600","700","800"]},{"family":"Abril Fatface","variants":["regular"]},{"family":"Aclonica","variants":["regular"]},{"family":"Acme","variants":["regular"]},{"family":"Actor","variants":["regular"]},{"family":"Adamina","variants":["regular"]},{"family":"Advent Pro","variants":["100","200","300","regular","500","600","700"]},{"family":"Aguafina Script","variants":["regular"]},{"family":"Akronim","variants":["regular"]},{"family":"Aladin","variants":["regular"]},{"family":"Aldrich","variants":["regular"]},{"family":"Alef","variants":["regular","700"]},{"family":"Alegreya","variants":["regular","italic","500","500italic","700","700italic","800","800italic","900","900italic"]},{"family":"Alegreya SC","variants":["regular","italic","500","500italic","700","700italic","800","800italic","900","900italic"]},{"family":"Alegreya Sans","variants":["100","100italic","300","300italic","regular","italic","500","500italic","700","700italic","800","800italic","900","900italic"]},{"family":"Alegreya Sans SC","variants":["100","100italic","300","300italic","regular","italic","500","500italic","700","700italic","800","800italic","900","900italic"]},{"family":"Aleo","variants":["300","300italic","regular","italic","700","700italic"]},{"family":"Alex Brush","variants":["regular"]},{"family":"Alfa Slab One","variants":["regular"]},{"family":"Alice","variants":["regular"]},{"family":"Alike","variants":["regular"]},{"family":"Alike Angular","variants":["regular"]},{"family":"Allan","variants":["regular","700"]},{"family":"Allerta","variants":["regular"]},{"family":"Allerta Stencil","variants":["regular"]},{"family":"Allura","variants":["regular"]},{"family":"Almendra","variants":["regular","italic","700","700italic"]},{"family":"Almendra Display","variants":["regular"]},{"family":"Almendra SC","variants":["regular"]},{"family":"Amarante","variants":["regular"]},{"family":"Amaranth","variants":["regular","italic","700","700italic"]},{"family":"Amatic SC","variants":["regular","700"]},{"family":"Amethysta","variants":["regular"]},{"family":"Amiko","variants":["regular","600","700"]},{"family":"Amiri","variants":["regular","italic","700","700italic"]},{"family":"Amita","variants":["regular","700"]},{"family":"Anaheim","variants":["regular"]},{"family":"Andada","variants":["regular"]},{"family":"Andika","variants":["regular"]},{"family":"Annie Use Your Telescope","variants":["regular"]},{"family":"Anonymous Pro","variants":["regular","italic","700","700italic"]},{"family":"Antic","variants":["regular"]},{"family":"Antic Didone","variants":["regular"]},{"family":"Antic Slab","variants":["regular"]},{"family":"Anton","variants":["regular"]},{"family":"Arapey","variants":["regular","italic"]},{"family":"Arbutus","variants":["regular"]},{"family":"Arbutus Slab","variants":["regular"]},{"family":"Architects Daughter","variants":["regular"]},{"family":"Archivo","variants":["regular","italic","500","500italic","600","600italic","700","700italic"]},{"family":"Archivo Black","variants":["regular"]},{"family":"Archivo Narrow","variants":["regular","italic","500","500italic","600","600italic","700","700italic"]},{"family":"Aref Ruqaa","variants":["regular","700"]},{"family":"Arima Madurai","variants":["100","200","300","regular","500","700","800","900"]},{"family":"Arimo","variants":["regular","italic","700","700italic"]},{"family":"Arizonia","variants":["regular"]},{"family":"Armata","variants":["regular"]},{"family":"Arsenal","variants":["regular","italic","700","700italic"]},{"family":"Artifika","variants":["regular"]},{"family":"Arvo","variants":["regular","italic","700","700italic"]},{"family":"Arya","variants":["regular","700"]},{"family":"Asap","variants":["regular","italic","500","500italic","600","600italic","700","700italic"]},{"family":"Asap Condensed","variants":["regular","italic","500","500italic","600","600italic","700","700italic"]},{"family":"Asar","variants":["regular"]},{"family":"Asset","variants":["regular"]},{"family":"Assistant","variants":["200","300","regular","600","700","800"]},{"family":"Astloch","variants":["regular","700"]},{"family":"Asul","variants":["regular","700"]},{"family":"Athiti","variants":["200","300","regular","500","600","700"]},{"family":"Atma","variants":["300","regular","500","600","700"]},{"family":"Atomic Age","variants":["regular"]},{"family":"Aubrey","variants":["regular"]},{"family":"Audiowide","variants":["regular"]},{"family":"Autour One","variants":["regular"]},{"family":"Average","variants":["regular"]},{"family":"Average Sans","variants":["regular"]},{"family":"Averia Gruesa Libre","variants":["regular"]},{"family":"Averia Libre","variants":["300","300italic","regular","italic","700","700italic"]},{"family":"Averia Sans Libre","variants":["300","300italic","regular","italic","700","700italic"]},{"family":"Averia Serif Libre","variants":["300","300italic","regular","italic","700","700italic"]},{"family":"B612","variants":["regular","italic","700","700italic"]},{"family":"B612 Mono","variants":["regular","italic","700","700italic"]},{"family":"Bad Script","variants":["regular"]},{"family":"Bahiana","variants":["regular"]},{"family":"Bai Jamjuree","variants":["200","200italic","300","300italic","regular","italic","500","500italic","600","600italic","700","700italic"]},{"family":"Baloo","variants":["regular"]},{"family":"Baloo Bhai","variants":["regular"]},{"family":"Baloo Bhaijaan","variants":["regular"]},{"family":"Baloo Bhaina","variants":["regular"]},{"family":"Baloo Chettan","variants":["regular"]},{"family":"Baloo Da","variants":["regular"]},{"family":"Baloo Paaji","variants":["regular"]},{"family":"Baloo Tamma","variants":["regular"]},{"family":"Baloo Tammudu","variants":["regular"]},{"family":"Baloo Thambi","variants":["regular"]},{"family":"Balthazar","variants":["regular"]},{"family":"Bangers","variants":["regular"]},{"family":"Barlow","variants":["100","100italic","200","200italic","300","300italic","regular","italic","500","500italic","600","600italic","700","700italic","800","800italic","900","900italic"]},{"family":"Barlow Condensed","variants":["100","100italic","200","200italic","300","300italic","regular","italic","500","500italic","600","600italic","700","700italic","800","800italic","900","900italic"]},{"family":"Barlow Semi Condensed","variants":["100","100italic","200","200italic","300","300italic","regular","italic","500","500italic","600","600italic","700","700italic","800","800italic","900","900italic"]},{"family":"Barrio","variants":["regular"]},{"family":"Basic","variants":["regular"]},{"family":"Baumans","variants":["regular"]},{"family":"Belgrano","variants":["regular"]},{"family":"Bellefair","variants":["regular"]},{"family":"Belleza","variants":["regular"]},{"family":"BenchNine","variants":["300","regular","700"]},{"family":"Bentham","variants":["regular"]},{"family":"Berkshire Swash","variants":["regular"]},{"family":"Bevan","variants":["regular"]},{"family":"Bigelow Rules","variants":["regular"]},{"family":"Bigshot One","variants":["regular"]},{"family":"Bilbo","variants":["regular"]},{"family":"Bilbo Swash Caps","variants":["regular"]},{"family":"BioRhyme","variants":["200","300","regular","700","800"]},{"family":"BioRhyme Expanded","variants":["200","300","regular","700","800"]},{"family":"Biryani","variants":["200","300","regular","600","700","800","900"]},{"family":"Bitter","variants":["regular","italic","700"]},{"family":"Black And White Picture","variants":["regular"]},{"family":"Black Han Sans","variants":["regular"]},{"family":"Black Ops One","variants":["regular"]},{"family":"Bonbon","variants":["regular"]},{"family":"Boogaloo","variants":["regular"]},{"family":"Bowlby One","variants":["regular"]},{"family":"Bowlby One SC","variants":["regular"]},{"family":"Brawler","variants":["regular"]},{"family":"Bree Serif","variants":["regular"]},{"family":"Bubblegum Sans","variants":["regular"]},{"family":"Bubbler One","variants":["regular"]},{"family":"Buda","variants":["300"]},{"family":"Buenard","variants":["regular","700"]},{"family":"Bungee","variants":["regular"]},{"family":"Bungee Hairline","variants":["regular"]},{"family":"Bungee Inline","variants":["regular"]},{"family":"Bungee Outline","variants":["regular"]},{"family":"Bungee Shade","variants":["regular"]},{"family":"Butcherman","variants":["regular"]},{"family":"Butterfly Kids","variants":["regular"]},{"family":"Cabin","variants":["regular","italic","500","500italic","600","600italic","700","700italic"]},{"family":"Cabin Condensed","variants":["regular","500","600","700"]},{"family":"Cabin Sketch","variants":["regular","700"]},{"family":"Caesar Dressing","variants":["regular"]},{"family":"Cagliostro","variants":["regular"]},{"family":"Cairo","variants":["200","300","regular","600","700","900"]},{"family":"Calligraffitti","variants":["regular"]},{"family":"Cambay","variants":["regular","italic","700","700italic"]},{"family":"Cambo","variants":["regular"]},{"family":"Candal","variants":["regular"]},{"family":"Cantarell","variants":["regular","italic","700","700italic"]},{"family":"Cantata One","variants":["regular"]},{"family":"Cantora One","variants":["regular"]},{"family":"Capriola","variants":["regular"]},{"family":"Cardo","variants":["regular","italic","700"]},{"family":"Carme","variants":["regular"]},{"family":"Carrois Gothic","variants":["regular"]},{"family":"Carrois Gothic SC","variants":["regular"]},{"family":"Carter One","variants":["regular"]},{"family":"Catamaran","variants":["100","200","300","regular","500","600","700","800","900"]},{"family":"Caudex","variants":["regular","italic","700","700italic"]},{"family":"Caveat","variants":["regular","700"]},{"family":"Caveat Brush","variants":["regular"]},{"family":"Cedarville Cursive","variants":["regular"]},{"family":"Ceviche One","variants":["regular"]},{"family":"Chakra Petch","variants":["300","300italic","regular","italic","500","500italic","600","600italic","700","700italic"]},{"family":"Changa","variants":["200","300","regular","500","600","700","800"]},{"family":"Changa One","variants":["regular","italic"]},{"family":"Chango","variants":["regular"]},{"family":"Charm","variants":["regular","700"]},{"family":"Charmonman","variants":["regular","700"]},{"family":"Chathura","variants":["100","300","regular","700","800"]},{"family":"Chau Philomene One","variants":["regular","italic"]},{"family":"Chela One","variants":["regular"]},{"family":"Chelsea Market","variants":["regular"]},{"family":"Cherry Cream Soda","variants":["regular"]},{"family":"Cherry Swash","variants":["regular","700"]},{"family":"Chewy","variants":["regular"]},{"family":"Chicle","variants":["regular"]},{"family":"Chivo","variants":["300","300italic","regular","italic","700","700italic","900","900italic"]},{"family":"Chonburi","variants":["regular"]},{"family":"Cinzel","variants":["regular","700","900"]},{"family":"Cinzel Decorative","variants":["regular","700","900"]},{"family":"Clicker Script","variants":["regular"]},{"family":"Coda","variants":["regular","800"]},{"family":"Coda Caption","variants":["800"]},{"family":"Codystar","variants":["300","regular"]},{"family":"Coiny","variants":["regular"]},{"family":"Combo","variants":["regular"]},{"family":"Comfortaa","variants":["300","regular","500","600","700"]},{"family":"Coming Soon","variants":["regular"]},{"family":"Concert One","variants":["regular"]},{"family":"Condiment","variants":["regular"]},{"family":"Contrail One","variants":["regular"]},{"family":"Convergence","variants":["regular"]},{"family":"Cookie","variants":["regular"]},{"family":"Copse","variants":["regular"]},{"family":"Corben","variants":["regular","700"]},{"family":"Cormorant","variants":["300","300italic","regular","italic","500","500italic","600","600italic","700","700italic"]},{"family":"Cormorant Garamond","variants":["300","300italic","regular","italic","500","500italic","600","600italic","700","700italic"]},{"family":"Cormorant Infant","variants":["300","300italic","regular","italic","500","500italic","600","600italic","700","700italic"]},{"family":"Cormorant SC","variants":["300","regular","500","600","700"]},{"family":"Cormorant Unicase","variants":["300","regular","500","600","700"]},{"family":"Cormorant Upright","variants":["300","regular","500","600","700"]},{"family":"Courgette","variants":["regular"]},{"family":"Cousine","variants":["regular","italic","700","700italic"]},{"family":"Coustard","variants":["regular","900"]},{"family":"Covered By Your Grace","variants":["regular"]},{"family":"Crafty Girls","variants":["regular"]},{"family":"Creepster","variants":["regular"]},{"family":"Crete Round","variants":["regular","italic"]},{"family":"Crimson Text","variants":["regular","italic","600","600italic","700","700italic"]},{"family":"Croissant One","variants":["regular"]},{"family":"Crushed","variants":["regular"]},{"family":"Cuprum","variants":["regular","italic","700","700italic"]},{"family":"Cute Font","variants":["regular"]},{"family":"Cutive","variants":["regular"]},{"family":"Cutive Mono","variants":["regular"]},{"family":"Damion","variants":["regular"]},{"family":"Dancing Script","variants":["regular","700"]},{"family":"David Libre","variants":["regular","500","700"]},{"family":"Dawning of a New Day","variants":["regular"]},{"family":"Days One","variants":["regular"]},{"family":"Dekko","variants":["regular"]},{"family":"Delius","variants":["regular"]},{"family":"Delius Swash Caps","variants":["regular"]},{"family":"Delius Unicase","variants":["regular","700"]},{"family":"Della Respira","variants":["regular"]},{"family":"Denk One","variants":["regular"]},{"family":"Devonshire","variants":["regular"]},{"family":"Dhurjati","variants":["regular"]},{"family":"Didact Gothic","variants":["regular"]},{"family":"Diplomata","variants":["regular"]},{"family":"Diplomata SC","variants":["regular"]},{"family":"Do Hyeon","variants":["regular"]},{"family":"Dokdo","variants":["regular"]},{"family":"Domine","variants":["regular","700"]},{"family":"Donegal One","variants":["regular"]},{"family":"Doppio One","variants":["regular"]},{"family":"Dorsa","variants":["regular"]},{"family":"Dosis","variants":["200","300","regular","500","600","700","800"]},{"family":"Dr Sugiyama","variants":["regular"]},{"family":"Duru Sans","variants":["regular"]},{"family":"Dynalight","variants":["regular"]},{"family":"EB Garamond","variants":["regular","italic","500","500italic","600","600italic","700","700italic","800","800italic"]},{"family":"Eagle Lake","variants":["regular"]},{"family":"East Sea Dokdo","variants":["regular"]},{"family":"Eater","variants":["regular"]},{"family":"Economica","variants":["regular","italic","700","700italic"]},{"family":"Eczar","variants":["regular","500","600","700","800"]},{"family":"El Messiri","variants":["regular","500","600","700"]},{"family":"Electrolize","variants":["regular"]},{"family":"Elsie","variants":["regular","900"]},{"family":"Elsie Swash Caps","variants":["regular","900"]},{"family":"Emblema One","variants":["regular"]},{"family":"Emilys Candy","variants":["regular"]},{"family":"Encode Sans","variants":["100","200","300","regular","500","600","700","800","900"]},{"family":"Encode Sans Condensed","variants":["100","200","300","regular","500","600","700","800","900"]},{"family":"Encode Sans Expanded","variants":["100","200","300","regular","500","600","700","800","900"]},{"family":"Encode Sans Semi Condensed","variants":["100","200","300","regular","500","600","700","800","900"]},{"family":"Encode Sans Semi Expanded","variants":["100","200","300","regular","500","600","700","800","900"]},{"family":"Engagement","variants":["regular"]},{"family":"Englebert","variants":["regular"]},{"family":"Enriqueta","variants":["regular","700"]},{"family":"Erica One","variants":["regular"]},{"family":"Esteban","variants":["regular"]},{"family":"Euphoria Script","variants":["regular"]},{"family":"Ewert","variants":["regular"]},{"family":"Exo","variants":["100","100italic","200","200italic","300","300italic","regular","italic","500","500italic","600","600italic","700","700italic","800","800italic","900","900italic"]},{"family":"Exo 2","variants":["100","100italic","200","200italic","300","300italic","regular","italic","500","500italic","600","600italic","700","700italic","800","800italic","900","900italic"]},{"family":"Expletus Sans","variants":["regular","italic","500","500italic","600","600italic","700","700italic"]},{"family":"Fahkwang","variants":["200","200italic","300","300italic","regular","italic","500","500italic","600","600italic","700","700italic"]},{"family":"Fanwood Text","variants":["regular","italic"]},{"family":"Farsan","variants":["regular"]},{"family":"Fascinate","variants":["regular"]},{"family":"Fascinate Inline","variants":["regular"]},{"family":"Faster One","variants":["regular"]},{"family":"Fauna One","variants":["regular"]},{"family":"Faustina","variants":["regular","italic","500","500italic","600","600italic","700","700italic"]},{"family":"Federant","variants":["regular"]},{"family":"Federo","variants":["regular"]},{"family":"Felipa","variants":["regular"]},{"family":"Fenix","variants":["regular"]},{"family":"Finger Paint","variants":["regular"]},{"family":"Fira Mono","variants":["regular","500","700"]},{"family":"Fira Sans","variants":["100","100italic","200","200italic","300","300italic","regular","italic","500","500italic","600","600italic","700","700italic","800","800italic","900","900italic"]},{"family":"Fira Sans Condensed","variants":["100","100italic","200","200italic","300","300italic","regular","italic","500","500italic","600","600italic","700","700italic","800","800italic","900","900italic"]},{"family":"Fira Sans Extra Condensed","variants":["100","100italic","200","200italic","300","300italic","regular","italic","500","500italic","600","600italic","700","700italic","800","800italic","900","900italic"]},{"family":"Fjalla One","variants":["regular"]},{"family":"Fjord One","variants":["regular"]},{"family":"Flamenco","variants":["300","regular"]},{"family":"Flavors","variants":["regular"]},{"family":"Fondamento","variants":["regular","italic"]},{"family":"Fontdiner Swanky","variants":["regular"]},{"family":"Forum","variants":["regular"]},{"family":"Francois One","variants":["regular"]},{"family":"Frank Ruhl Libre","variants":["300","regular","500","700","900"]},{"family":"Freckle Face","variants":["regular"]},{"family":"Fredericka the Great","variants":["regular"]},{"family":"Fredoka One","variants":["regular"]},{"family":"Fresca","variants":["regular"]},{"family":"Frijole","variants":["regular"]},{"family":"Fruktur","variants":["regular"]},{"family":"Fugaz One","variants":["regular"]},{"family":"Gabriela","variants":["regular"]},{"family":"Gaegu","variants":["300","regular","700"]},{"family":"Gafata","variants":["regular"]},{"family":"Galada","variants":["regular"]},{"family":"Galdeano","variants":["regular"]},{"family":"Galindo","variants":["regular"]},{"family":"Gamja Flower","variants":["regular"]},{"family":"Gentium Basic","variants":["regular","italic","700","700italic"]},{"family":"Gentium Book Basic","variants":["regular","italic","700","700italic"]},{"family":"Geo","variants":["regular","italic"]},{"family":"Geostar","variants":["regular"]},{"family":"Geostar Fill","variants":["regular"]},{"family":"Germania One","variants":["regular"]},{"family":"Gidugu","variants":["regular"]},{"family":"Gilda Display","variants":["regular"]},{"family":"Give You Glory","variants":["regular"]},{"family":"Glass Antiqua","variants":["regular"]},{"family":"Glegoo","variants":["regular","700"]},{"family":"Gloria Hallelujah","variants":["regular"]},{"family":"Goblin One","variants":["regular"]},{"family":"Gochi Hand","variants":["regular"]},{"family":"Gorditas","variants":["regular","700"]},{"family":"Gothic A1","variants":["100","200","300","regular","500","600","700","800","900"]},{"family":"Goudy Bookletter 1911","variants":["regular"]},{"family":"Graduate","variants":["regular"]},{"family":"Grand Hotel","variants":["regular"]},{"family":"Gravitas One","variants":["regular"]},{"family":"Great Vibes","variants":["regular"]},{"family":"Griffy","variants":["regular"]},{"family":"Gruppo","variants":["regular"]},{"family":"Gudea","variants":["regular","italic","700"]},{"family":"Gugi","variants":["regular"]},{"family":"Gurajada","variants":["regular"]},{"family":"Habibi","variants":["regular"]},{"family":"Halant","variants":["300","regular","500","600","700"]},{"family":"Hammersmith One","variants":["regular"]},{"family":"Hanalei","variants":["regular"]},{"family":"Hanalei Fill","variants":["regular"]},{"family":"Handlee","variants":["regular"]},{"family":"Happy Monkey","variants":["regular"]},{"family":"Harmattan","variants":["regular"]},{"family":"Headland One","variants":["regular"]},{"family":"Heebo","variants":["100","300","regular","500","700","800","900"]},{"family":"Henny Penny","variants":["regular"]},{"family":"Herr Von Muellerhoff","variants":["regular"]},{"family":"Hi Melody","variants":["regular"]},{"family":"Hind","variants":["300","regular","500","600","700"]},{"family":"Hind Guntur","variants":["300","regular","500","600","700"]},{"family":"Hind Madurai","variants":["300","regular","500","600","700"]},{"family":"Hind Siliguri","variants":["300","regular","500","600","700"]},{"family":"Hind Vadodara","variants":["300","regular","500","600","700"]},{"family":"Holtwood One SC","variants":["regular"]},{"family":"Homemade Apple","variants":["regular"]},{"family":"Homenaje","variants":["regular"]},{"family":"IBM Plex Mono","variants":["100","100italic","200","200italic","300","300italic","regular","italic","500","500italic","600","600italic","700","700italic"]},{"family":"IBM Plex Sans","variants":["100","100italic","200","200italic","300","300italic","regular","italic","500","500italic","600","600italic","700","700italic"]},{"family":"IBM Plex Sans Condensed","variants":["100","100italic","200","200italic","300","300italic","regular","italic","500","500italic","600","600italic","700","700italic"]},{"family":"IBM Plex Serif","variants":["100","100italic","200","200italic","300","300italic","regular","italic","500","500italic","600","600italic","700","700italic"]},{"family":"IM Fell DW Pica","variants":["regular","italic"]},{"family":"IM Fell DW Pica SC","variants":["regular"]},{"family":"IM Fell Double Pica","variants":["regular","italic"]},{"family":"IM Fell Double Pica SC","variants":["regular"]},{"family":"IM Fell English","variants":["regular","italic"]},{"family":"IM Fell English SC","variants":["regular"]},{"family":"IM Fell French Canon","variants":["regular","italic"]},{"family":"IM Fell French Canon SC","variants":["regular"]},{"family":"IM Fell Great Primer","variants":["regular","italic"]},{"family":"IM Fell Great Primer SC","variants":["regular"]},{"family":"Iceberg","variants":["regular"]},{"family":"Iceland","variants":["regular"]},{"family":"Imprima","variants":["regular"]},{"family":"Inconsolata","variants":["regular","700"]},{"family":"Inder","variants":["regular"]},{"family":"Indie Flower","variants":["regular"]},{"family":"Inika","variants":["regular","700"]},{"family":"Inknut Antiqua","variants":["300","regular","500","600","700","800","900"]},{"family":"Irish Grover","variants":["regular"]},{"family":"Istok Web","variants":["regular","italic","700","700italic"]},{"family":"Italiana","variants":["regular"]},{"family":"Italianno","variants":["regular"]},{"family":"Itim","variants":["regular"]},{"family":"Jacques Francois","variants":["regular"]},{"family":"Jacques Francois Shadow","variants":["regular"]},{"family":"Jaldi","variants":["regular","700"]},{"family":"Jim Nightshade","variants":["regular"]},{"family":"Jockey One","variants":["regular"]},{"family":"Jolly Lodger","variants":["regular"]},{"family":"Jomhuria","variants":["regular"]},{"family":"Josefin Sans","variants":["100","100italic","300","300italic","regular","italic","600","600italic","700","700italic"]},{"family":"Josefin Slab","variants":["100","100italic","300","300italic","regular","italic","600","600italic","700","700italic"]},{"family":"Joti One","variants":["regular"]},{"family":"Jua","variants":["regular"]},{"family":"Judson","variants":["regular","italic","700"]},{"family":"Julee","variants":["regular"]},{"family":"Julius Sans One","variants":["regular"]},{"family":"Junge","variants":["regular"]},{"family":"Jura","variants":["300","regular","500","600","700"]},{"family":"Just Another Hand","variants":["regular"]},{"family":"Just Me Again Down Here","variants":["regular"]},{"family":"K2D","variants":["100","100italic","200","200italic","300","300italic","regular","italic","500","500italic","600","600italic","700","700italic","800","800italic"]},{"family":"Kadwa","variants":["regular","700"]},{"family":"Kalam","variants":["300","regular","700"]},{"family":"Kameron","variants":["regular","700"]},{"family":"Kanit","variants":["100","100italic","200","200italic","300","300italic","regular","italic","500","500italic","600","600italic","700","700italic","800","800italic","900","900italic"]},{"family":"Karla","variants":["regular","italic","700","700italic"]},{"family":"Karma","variants":["300","regular","500","600","700"]},{"family":"Katibeh","variants":["regular"]},{"family":"Kaushan Script","variants":["regular"]},{"family":"Kavivanar","variants":["regular"]},{"family":"Kavoon","variants":["regular"]},{"family":"Keania One","variants":["regular"]},{"family":"Kelly Slab","variants":["regular"]},{"family":"Kenia","variants":["regular"]},{"family":"Khand","variants":["300","regular","500","600","700"]},{"family":"Khula","variants":["300","regular","600","700","800"]},{"family":"Kirang Haerang","variants":["regular"]},{"family":"Kite One","variants":["regular"]},{"family":"Knewave","variants":["regular"]},{"family":"KoHo","variants":["200","200italic","300","300italic","regular","italic","500","500italic","600","600italic","700","700italic"]},{"family":"Kodchasan","variants":["200","200italic","300","300italic","regular","italic","500","500italic","600","600italic","700","700italic"]},{"family":"Kosugi","variants":["regular"]},{"family":"Kosugi Maru","variants":["regular"]},{"family":"Kotta One","variants":["regular"]},{"family":"Kranky","variants":["regular"]},{"family":"Kreon","variants":["300","regular","700"]},{"family":"Kristi","variants":["regular"]},{"family":"Krona One","variants":["regular"]},{"family":"Krub","variants":["200","200italic","300","300italic","regular","italic","500","500italic","600","600italic","700","700italic"]},{"family":"Kumar One","variants":["regular"]},{"family":"Kumar One Outline","variants":["regular"]},{"family":"Kurale","variants":["regular"]},{"family":"La Belle Aurore","variants":["regular"]},{"family":"Laila","variants":["300","regular","500","600","700"]},{"family":"Lakki Reddy","variants":["regular"]},{"family":"Lalezar","variants":["regular"]},{"family":"Lancelot","variants":["regular"]},{"family":"Lateef","variants":["regular"]},{"family":"Lato","variants":["100","100italic","300","300italic","regular","italic","700","700italic","900","900italic"]},{"family":"League Script","variants":["regular"]},{"family":"Leckerli One","variants":["regular"]},{"family":"Ledger","variants":["regular"]},{"family":"Lekton","variants":["regular","italic","700"]},{"family":"Lemon","variants":["regular"]},{"family":"Lemonada","variants":["300","regular","600","700"]},{"family":"Libre Barcode 128","variants":["regular"]},{"family":"Libre Barcode 128 Text","variants":["regular"]},{"family":"Libre Barcode 39","variants":["regular"]},{"family":"Libre Barcode 39 Extended","variants":["regular"]},{"family":"Libre Barcode 39 Extended Text","variants":["regular"]},{"family":"Libre Barcode 39 Text","variants":["regular"]},{"family":"Libre Baskerville","variants":["regular","italic","700"]},{"family":"Libre Franklin","variants":["100","100italic","200","200italic","300","300italic","regular","italic","500","500italic","600","600italic","700","700italic","800","800italic","900","900italic"]},{"family":"Life Savers","variants":["regular","700"]},{"family":"Lilita One","variants":["regular"]},{"family":"Lily Script One","variants":["regular"]},{"family":"Limelight","variants":["regular"]},{"family":"Linden Hill","variants":["regular","italic"]},{"family":"Lobster","variants":["regular"]},{"family":"Lobster Two","variants":["regular","italic","700","700italic"]},{"family":"Londrina Outline","variants":["regular"]},{"family":"Londrina Shadow","variants":["regular"]},{"family":"Londrina Sketch","variants":["regular"]},{"family":"Londrina Solid","variants":["100","300","regular","900"]},{"family":"Lora","variants":["regular","italic","700","700italic"]},{"family":"Love Ya Like A Sister","variants":["regular"]},{"family":"Loved by the King","variants":["regular"]},{"family":"Lovers Quarrel","variants":["regular"]},{"family":"Luckiest Guy","variants":["regular"]},{"family":"Lusitana","variants":["regular","700"]},{"family":"Lustria","variants":["regular"]},{"family":"M PLUS 1p","variants":["100","300","regular","500","700","800","900"]},{"family":"M PLUS Rounded 1c","variants":["100","300","regular","500","700","800","900"]},{"family":"Macondo","variants":["regular"]},{"family":"Macondo Swash Caps","variants":["regular"]},{"family":"Mada","variants":["200","300","regular","500","600","700","900"]},{"family":"Magra","variants":["regular","700"]},{"family":"Maiden Orange","variants":["regular"]},{"family":"Maitree","variants":["200","300","regular","500","600","700"]},{"family":"Major Mono Display","variants":["regular"]},{"family":"Mako","variants":["regular"]},{"family":"Mali","variants":["200","200italic","300","300italic","regular","italic","500","500italic","600","600italic","700","700italic"]},{"family":"Mallanna","variants":["regular"]},{"family":"Mandali","variants":["regular"]},{"family":"Manuale","variants":["regular","italic","500","500italic","600","600italic","700","700italic"]},{"family":"Marcellus","variants":["regular"]},{"family":"Marcellus SC","variants":["regular"]},{"family":"Marck Script","variants":["regular"]},{"family":"Margarine","variants":["regular"]},{"family":"Markazi Text","variants":["regular","500","600","700"]},{"family":"Marko One","variants":["regular"]},{"family":"Marmelad","variants":["regular"]},{"family":"Martel","variants":["200","300","regular","600","700","800","900"]},{"family":"Martel Sans","variants":["200","300","regular","600","700","800","900"]},{"family":"Marvel","variants":["regular","italic","700","700italic"]},{"family":"Mate","variants":["regular","italic"]},{"family":"Mate SC","variants":["regular"]},{"family":"Maven Pro","variants":["regular","500","700","900"]},{"family":"McLaren","variants":["regular"]},{"family":"Meddon","variants":["regular"]},{"family":"MedievalSharp","variants":["regular"]},{"family":"Medula One","variants":["regular"]},{"family":"Meera Inimai","variants":["regular"]},{"family":"Megrim","variants":["regular"]},{"family":"Meie Script","variants":["regular"]},{"family":"Merienda","variants":["regular","700"]},{"family":"Merienda One","variants":["regular"]},{"family":"Merriweather","variants":["300","300italic","regular","italic","700","700italic","900","900italic"]},{"family":"Merriweather Sans","variants":["300","300italic","regular","italic","700","700italic","800","800italic"]},{"family":"Metal Mania","variants":["regular"]},{"family":"Metamorphous","variants":["regular"]},{"family":"Metrophobic","variants":["regular"]},{"family":"Michroma","variants":["regular"]},{"family":"Milonga","variants":["regular"]},{"family":"Miltonian","variants":["regular"]},{"family":"Miltonian Tattoo","variants":["regular"]},{"family":"Mina","variants":["regular","700"]},{"family":"Miniver","variants":["regular"]},{"family":"Miriam Libre","variants":["regular","700"]},{"family":"Mirza","variants":["regular","500","600","700"]},{"family":"Miss Fajardose","variants":["regular"]},{"family":"Mitr","variants":["200","300","regular","500","600","700"]},{"family":"Modak","variants":["regular"]},{"family":"Modern Antiqua","variants":["regular"]},{"family":"Mogra","variants":["regular"]},{"family":"Molengo","variants":["regular"]},{"family":"Molle","variants":["italic"]},{"family":"Monda","variants":["regular","700"]},{"family":"Monofett","variants":["regular"]},{"family":"Monoton","variants":["regular"]},{"family":"Monsieur La Doulaise","variants":["regular"]},{"family":"Montaga","variants":["regular"]},{"family":"Montez","variants":["regular"]},{"family":"Montserrat","variants":["100","100italic","200","200italic","300","300italic","regular","italic","500","500italic","600","600italic","700","700italic","800","800italic","900","900italic"]},{"family":"Montserrat Alternates","variants":["100","100italic","200","200italic","300","300italic","regular","italic","500","500italic","600","600italic","700","700italic","800","800italic","900","900italic"]},{"family":"Montserrat Subrayada","variants":["regular","700"]},{"family":"Mountains of Christmas","variants":["regular","700"]},{"family":"Mouse Memoirs","variants":["regular"]},{"family":"Mr Bedfort","variants":["regular"]},{"family":"Mr Dafoe","variants":["regular"]},{"family":"Mr De Haviland","variants":["regular"]},{"family":"Mrs Saint Delafield","variants":["regular"]},{"family":"Mrs Sheppards","variants":["regular"]},{"family":"Mukta","variants":["200","300","regular","500","600","700","800"]},{"family":"Mukta Mahee","variants":["200","300","regular","500","600","700","800"]},{"family":"Mukta Malar","variants":["200","300","regular","500","600","700","800"]},{"family":"Mukta Vaani","variants":["200","300","regular","500","600","700","800"]},{"family":"Muli","variants":["200","200italic","300","300italic","regular","italic","600","600italic","700","700italic","800","800italic","900","900italic"]},{"family":"Mystery Quest","variants":["regular"]},{"family":"NTR","variants":["regular"]},{"family":"Nanum Brush Script","variants":["regular"]},{"family":"Nanum Gothic","variants":["regular","700","800"]},{"family":"Nanum Gothic Coding","variants":["regular","700"]},{"family":"Nanum Myeongjo","variants":["regular","700","800"]},{"family":"Nanum Pen Script","variants":["regular"]},{"family":"Neucha","variants":["regular"]},{"family":"Neuton","variants":["200","300","regular","italic","700","800"]},{"family":"New Rocker","variants":["regular"]},{"family":"News Cycle","variants":["regular","700"]},{"family":"Niconne","variants":["regular"]},{"family":"Niramit","variants":["200","200italic","300","300italic","regular","italic","500","500italic","600","600italic","700","700italic"]},{"family":"Nixie One","variants":["regular"]},{"family":"Nobile","variants":["regular","italic","500","500italic","700","700italic"]},{"family":"Norican","variants":["regular"]},{"family":"Nosifer","variants":["regular"]},{"family":"Notable","variants":["regular"]},{"family":"Nothing You Could Do","variants":["regular"]},{"family":"Noticia Text","variants":["regular","italic","700","700italic"]},{"family":"Noto Sans","variants":["regular","italic","700","700italic"]},{"family":"Noto Sans JP","variants":["100","300","regular","500","700","900"]},{"family":"Noto Sans KR","variants":["100","300","regular","500","700","900"]},{"family":"Noto Sans SC","variants":["100","300","regular","500","700","900"]},{"family":"Noto Sans TC","variants":["100","300","regular","500","700","900"]},{"family":"Noto Serif","variants":["regular","italic","700","700italic"]},{"family":"Noto Serif JP","variants":["200","300","regular","500","600","700","900"]},{"family":"Noto Serif KR","variants":["200","300","regular","500","600","700","900"]},{"family":"Noto Serif SC","variants":["200","300","regular","500","600","700","900"]},{"family":"Noto Serif TC","variants":["200","300","regular","500","600","700","900"]},{"family":"Nova Cut","variants":["regular"]},{"family":"Nova Flat","variants":["regular"]},{"family":"Nova Mono","variants":["regular"]},{"family":"Nova Oval","variants":["regular"]},{"family":"Nova Round","variants":["regular"]},{"family":"Nova Script","variants":["regular"]},{"family":"Nova Slim","variants":["regular"]},{"family":"Nova Square","variants":["regular"]},{"family":"Numans","variants":["regular"]},{"family":"Nunito","variants":["200","200italic","300","300italic","regular","italic","600","600italic","700","700italic","800","800italic","900","900italic"]},{"family":"Nunito Sans","variants":["200","200italic","300","300italic","regular","italic","600","600italic","700","700italic","800","800italic","900","900italic"]},{"family":"Offside","variants":["regular"]},{"family":"Old Standard TT","variants":["regular","italic","700"]},{"family":"Oldenburg","variants":["regular"]},{"family":"Oleo Script","variants":["regular","700"]},{"family":"Oleo Script Swash Caps","variants":["regular","700"]},{"family":"Open Sans","variants":["300","300italic","regular","italic","600","600italic","700","700italic","800","800italic"]},{"family":"Open Sans Condensed","variants":["300","300italic","700"]},{"family":"Oranienbaum","variants":["regular"]},{"family":"Orbitron","variants":["regular","500","700","900"]},{"family":"Oregano","variants":["regular","italic"]},{"family":"Orienta","variants":["regular"]},{"family":"Original Surfer","variants":["regular"]},{"family":"Oswald","variants":["200","300","regular","500","600","700"]},{"family":"Over the Rainbow","variants":["regular"]},{"family":"Overlock","variants":["regular","italic","700","700italic","900","900italic"]},{"family":"Overlock SC","variants":["regular"]},{"family":"Overpass","variants":["100","100italic","200","200italic","300","300italic","regular","italic","600","600italic","700","700italic","800","800italic","900","900italic"]},{"family":"Overpass Mono","variants":["300","regular","600","700"]},{"family":"Ovo","variants":["regular"]},{"family":"Oxygen","variants":["300","regular","700"]},{"family":"Oxygen Mono","variants":["regular"]},{"family":"PT Mono","variants":["regular"]},{"family":"PT Sans","variants":["regular","italic","700","700italic"]},{"family":"PT Sans Caption","variants":["regular","700"]},{"family":"PT Sans Narrow","variants":["regular","700"]},{"family":"PT Serif","variants":["regular","italic","700","700italic"]},{"family":"PT Serif Caption","variants":["regular","italic"]},{"family":"Pacifico","variants":["regular"]},{"family":"Padauk","variants":["regular","700"]},{"family":"Palanquin","variants":["100","200","300","regular","500","600","700"]},{"family":"Palanquin Dark","variants":["regular","500","600","700"]},{"family":"Pangolin","variants":["regular"]},{"family":"Paprika","variants":["regular"]},{"family":"Parisienne","variants":["regular"]},{"family":"Passero One","variants":["regular"]},{"family":"Passion One","variants":["regular","700","900"]},{"family":"Pathway Gothic One","variants":["regular"]},{"family":"Patrick Hand","variants":["regular"]},{"family":"Patrick Hand SC","variants":["regular"]},{"family":"Pattaya","variants":["regular"]},{"family":"Patua One","variants":["regular"]},{"family":"Pavanam","variants":["regular"]},{"family":"Paytone One","variants":["regular"]},{"family":"Peddana","variants":["regular"]},{"family":"Peralta","variants":["regular"]},{"family":"Permanent Marker","variants":["regular"]},{"family":"Petit Formal Script","variants":["regular"]},{"family":"Petrona","variants":["regular"]},{"family":"Philosopher","variants":["regular","italic","700","700italic"]},{"family":"Piedra","variants":["regular"]},{"family":"Pinyon Script","variants":["regular"]},{"family":"Pirata One","variants":["regular"]},{"family":"Plaster","variants":["regular"]},{"family":"Play","variants":["regular","700"]},{"family":"Playball","variants":["regular"]},{"family":"Playfair Display","variants":["regular","italic","700","700italic","900","900italic"]},{"family":"Playfair Display SC","variants":["regular","italic","700","700italic","900","900italic"]},{"family":"Podkova","variants":["regular","500","600","700","800"]},{"family":"Poiret One","variants":["regular"]},{"family":"Poller One","variants":["regular"]},{"family":"Poly","variants":["regular","italic"]},{"family":"Pompiere","variants":["regular"]},{"family":"Pontano Sans","variants":["regular"]},{"family":"Poor Story","variants":["regular"]},{"family":"Poppins","variants":["100","100italic","200","200italic","300","300italic","regular","italic","500","500italic","600","600italic","700","700italic","800","800italic","900","900italic"]},{"family":"Port Lligat Sans","variants":["regular"]},{"family":"Port Lligat Slab","variants":["regular"]},{"family":"Pragati Narrow","variants":["regular","700"]},{"family":"Prata","variants":["regular"]},{"family":"Press Start 2P","variants":["regular"]},{"family":"Pridi","variants":["200","300","regular","500","600","700"]},{"family":"Princess Sofia","variants":["regular"]},{"family":"Prociono","variants":["regular"]},{"family":"Prompt","variants":["100","100italic","200","200italic","300","300italic","regular","italic","500","500italic","600","600italic","700","700italic","800","800italic","900","900italic"]},{"family":"Prosto One","variants":["regular"]},{"family":"Proza Libre","variants":["regular","italic","500","500italic","600","600italic","700","700italic","800","800italic"]},{"family":"Puritan","variants":["regular","italic","700","700italic"]},{"family":"Purple Purse","variants":["regular"]},{"family":"Quando","variants":["regular"]},{"family":"Quantico","variants":["regular","italic","700","700italic"]},{"family":"Quattrocento","variants":["regular","700"]},{"family":"Quattrocento Sans","variants":["regular","italic","700","700italic"]},{"family":"Questrial","variants":["regular"]},{"family":"Quicksand","variants":["300","regular","500","700"]},{"family":"Quintessential","variants":["regular"]},{"family":"Qwigley","variants":["regular"]},{"family":"Racing Sans One","variants":["regular"]},{"family":"Radley","variants":["regular","italic"]},{"family":"Rajdhani","variants":["300","regular","500","600","700"]},{"family":"Rakkas","variants":["regular"]},{"family":"Raleway","variants":["100","100italic","200","200italic","300","300italic","regular","italic","500","500italic","600","600italic","700","700italic","800","800italic","900","900italic"]},{"family":"Raleway Dots","variants":["regular"]},{"family":"Ramabhadra","variants":["regular"]},{"family":"Ramaraja","variants":["regular"]},{"family":"Rambla","variants":["regular","italic","700","700italic"]},{"family":"Rammetto One","variants":["regular"]},{"family":"Ranchers","variants":["regular"]},{"family":"Rancho","variants":["regular"]},{"family":"Ranga","variants":["regular","700"]},{"family":"Rasa","variants":["300","regular","500","600","700"]},{"family":"Rationale","variants":["regular"]},{"family":"Ravi Prakash","variants":["regular"]},{"family":"Redressed","variants":["regular"]},{"family":"Reem Kufi","variants":["regular"]},{"family":"Reenie Beanie","variants":["regular"]},{"family":"Revalia","variants":["regular"]},{"family":"Rhodium Libre","variants":["regular"]},{"family":"Ribeye","variants":["regular"]},{"family":"Ribeye Marrow","variants":["regular"]},{"family":"Righteous","variants":["regular"]},{"family":"Risque","variants":["regular"]},{"family":"Roboto","variants":["100","100italic","300","300italic","regular","italic","500","500italic","700","700italic","900","900italic"]},{"family":"Roboto Condensed","variants":["300","300italic","regular","italic","700","700italic"]},{"family":"Roboto Mono","variants":["100","100italic","300","300italic","regular","italic","500","500italic","700","700italic"]},{"family":"Roboto Slab","variants":["100","300","regular","700"]},{"family":"Rochester","variants":["regular"]},{"family":"Rock Salt","variants":["regular"]},{"family":"Rokkitt","variants":["100","200","300","regular","500","600","700","800","900"]},{"family":"Romanesco","variants":["regular"]},{"family":"Ropa Sans","variants":["regular","italic"]},{"family":"Rosario","variants":["regular","italic","700","700italic"]},{"family":"Rosarivo","variants":["regular","italic"]},{"family":"Rouge Script","variants":["regular"]},{"family":"Rozha One","variants":["regular"]},{"family":"Rubik","variants":["300","300italic","regular","italic","500","500italic","700","700italic","900","900italic"]},{"family":"Rubik Mono One","variants":["regular"]},{"family":"Ruda","variants":["regular","700","900"]},{"family":"Rufina","variants":["regular","700"]},{"family":"Ruge Boogie","variants":["regular"]},{"family":"Ruluko","variants":["regular"]},{"family":"Rum Raisin","variants":["regular"]},{"family":"Ruslan Display","variants":["regular"]},{"family":"Russo One","variants":["regular"]},{"family":"Ruthie","variants":["regular"]},{"family":"Rye","variants":["regular"]},{"family":"Sacramento","variants":["regular"]},{"family":"Sahitya","variants":["regular","700"]},{"family":"Sail","variants":["regular"]},{"family":"Saira","variants":["100","200","300","regular","500","600","700","800","900"]},{"family":"Saira Condensed","variants":["100","200","300","regular","500","600","700","800","900"]},{"family":"Saira Extra Condensed","variants":["100","200","300","regular","500","600","700","800","900"]},{"family":"Saira Semi Condensed","variants":["100","200","300","regular","500","600","700","800","900"]},{"family":"Salsa","variants":["regular"]},{"family":"Sanchez","variants":["regular","italic"]},{"family":"Sancreek","variants":["regular"]},{"family":"Sansita","variants":["regular","italic","700","700italic","800","800italic","900","900italic"]},{"family":"Sarabun","variants":["100","100italic","200","200italic","300","300italic","regular","italic","500","500italic","600","600italic","700","700italic","800","800italic"]},{"family":"Sarala","variants":["regular","700"]},{"family":"Sarina","variants":["regular"]},{"family":"Sarpanch","variants":["regular","500","600","700","800","900"]},{"family":"Satisfy","variants":["regular"]},{"family":"Sawarabi Gothic","variants":["regular"]},{"family":"Sawarabi Mincho","variants":["regular"]},{"family":"Scada","variants":["regular","italic","700","700italic"]},{"family":"Scheherazade","variants":["regular","700"]},{"family":"Schoolbell","variants":["regular"]},{"family":"Scope One","variants":["regular"]},{"family":"Seaweed Script","variants":["regular"]},{"family":"Secular One","variants":["regular"]},{"family":"Sedgwick Ave","variants":["regular"]},{"family":"Sedgwick Ave Display","variants":["regular"]},{"family":"Sevillana","variants":["regular"]},{"family":"Seymour One","variants":["regular"]},{"family":"Shadows Into Light","variants":["regular"]},{"family":"Shadows Into Light Two","variants":["regular"]},{"family":"Shanti","variants":["regular"]},{"family":"Share","variants":["regular","italic","700","700italic"]},{"family":"Share Tech","variants":["regular"]},{"family":"Share Tech Mono","variants":["regular"]},{"family":"Shojumaru","variants":["regular"]},{"family":"Short Stack","variants":["regular"]},{"family":"Shrikhand","variants":["regular"]},{"family":"Sigmar One","variants":["regular"]},{"family":"Signika","variants":["300","regular","600","700"]},{"family":"Signika Negative","variants":["300","regular","600","700"]},{"family":"Simonetta","variants":["regular","italic","900","900italic"]},{"family":"Sintony","variants":["regular","700"]},{"family":"Sirin Stencil","variants":["regular"]},{"family":"Six Caps","variants":["regular"]},{"family":"Skranji","variants":["regular","700"]},{"family":"Slabo 13px","variants":["regular"]},{"family":"Slabo 27px","variants":["regular"]},{"family":"Slackey","variants":["regular"]},{"family":"Smokum","variants":["regular"]},{"family":"Smythe","variants":["regular"]},{"family":"Sniglet","variants":["regular","800"]},{"family":"Snippet","variants":["regular"]},{"family":"Snowburst One","variants":["regular"]},{"family":"Sofadi One","variants":["regular"]},{"family":"Sofia","variants":["regular"]},{"family":"Song Myung","variants":["regular"]},{"family":"Sonsie One","variants":["regular"]},{"family":"Sorts Mill Goudy","variants":["regular","italic"]},{"family":"Source Code Pro","variants":["200","300","regular","500","600","700","900"]},{"family":"Source Sans Pro","variants":["200","200italic","300","300italic","regular","italic","600","600italic","700","700italic","900","900italic"]},{"family":"Source Serif Pro","variants":["regular","600","700"]},{"family":"Space Mono","variants":["regular","italic","700","700italic"]},{"family":"Special Elite","variants":["regular"]},{"family":"Spectral","variants":["200","200italic","300","300italic","regular","italic","500","500italic","600","600italic","700","700italic","800","800italic"]},{"family":"Spectral SC","variants":["200","200italic","300","300italic","regular","italic","500","500italic","600","600italic","700","700italic","800","800italic"]},{"family":"Spicy Rice","variants":["regular"]},{"family":"Spinnaker","variants":["regular"]},{"family":"Spirax","variants":["regular"]},{"family":"Squada One","variants":["regular"]},{"family":"Sree Krushnadevaraya","variants":["regular"]},{"family":"Sriracha","variants":["regular"]},{"family":"Srisakdi","variants":["regular","700"]},{"family":"Staatliches","variants":["regular"]},{"family":"Stalemate","variants":["regular"]},{"family":"Stalinist One","variants":["regular"]},{"family":"Stardos Stencil","variants":["regular","700"]},{"family":"Stint Ultra Condensed","variants":["regular"]},{"family":"Stint Ultra Expanded","variants":["regular"]},{"family":"Stoke","variants":["300","regular"]},{"family":"Strait","variants":["regular"]},{"family":"Stylish","variants":["regular"]},{"family":"Sue Ellen Francisco","variants":["regular"]},{"family":"Suez One","variants":["regular"]},{"family":"Sumana","variants":["regular","700"]},{"family":"Sunflower","variants":["300","500","700"]},{"family":"Sunshiney","variants":["regular"]},{"family":"Supermercado One","variants":["regular"]},{"family":"Sura","variants":["regular","700"]},{"family":"Suranna","variants":["regular"]},{"family":"Suravaram","variants":["regular"]},{"family":"Swanky and Moo Moo","variants":["regular"]},{"family":"Syncopate","variants":["regular","700"]},{"family":"Tajawal","variants":["200","300","regular","500","700","800","900"]},{"family":"Tangerine","variants":["regular","700"]},{"family":"Tauri","variants":["regular"]},{"family":"Taviraj","variants":["100","100italic","200","200italic","300","300italic","regular","italic","500","500italic","600","600italic","700","700italic","800","800italic","900","900italic"]},{"family":"Teko","variants":["300","regular","500","600","700"]},{"family":"Telex","variants":["regular"]},{"family":"Tenali Ramakrishna","variants":["regular"]},{"family":"Tenor Sans","variants":["regular"]},{"family":"Text Me One","variants":["regular"]},{"family":"Thasadith","variants":["regular","italic","700","700italic"]},{"family":"The Girl Next Door","variants":["regular"]},{"family":"Tienne","variants":["regular","700","900"]},{"family":"Tillana","variants":["regular","500","600","700","800"]},{"family":"Timmana","variants":["regular"]},{"family":"Tinos","variants":["regular","italic","700","700italic"]},{"family":"Titan One","variants":["regular"]},{"family":"Titillium Web","variants":["200","200italic","300","300italic","regular","italic","600","600italic","700","700italic","900"]},{"family":"Trade Winds","variants":["regular"]},{"family":"Trirong","variants":["100","100italic","200","200italic","300","300italic","regular","italic","500","500italic","600","600italic","700","700italic","800","800italic","900","900italic"]},{"family":"Trocchi","variants":["regular"]},{"family":"Trochut","variants":["regular","italic","700"]},{"family":"Trykker","variants":["regular"]},{"family":"Tulpen One","variants":["regular"]},{"family":"Ubuntu","variants":["300","300italic","regular","italic","500","500italic","700","700italic"]},{"family":"Ubuntu Condensed","variants":["regular"]},{"family":"Ubuntu Mono","variants":["regular","italic","700","700italic"]},{"family":"Ultra","variants":["regular"]},{"family":"Uncial Antiqua","variants":["regular"]},{"family":"Underdog","variants":["regular"]},{"family":"Unica One","variants":["regular"]},{"family":"UnifrakturCook","variants":["700"]},{"family":"UnifrakturMaguntia","variants":["regular"]},{"family":"Unkempt","variants":["regular","700"]},{"family":"Unlock","variants":["regular"]},{"family":"Unna","variants":["regular","italic","700","700italic"]},{"family":"VT323","variants":["regular"]},{"family":"Vampiro One","variants":["regular"]},{"family":"Varela","variants":["regular"]},{"family":"Varela Round","variants":["regular"]},{"family":"Vast Shadow","variants":["regular"]},{"family":"Vesper Libre","variants":["regular","500","700","900"]},{"family":"Vibur","variants":["regular"]},{"family":"Vidaloka","variants":["regular"]},{"family":"Viga","variants":["regular"]},{"family":"Voces","variants":["regular"]},{"family":"Volkhov","variants":["regular","italic","700","700italic"]},{"family":"Vollkorn","variants":["regular","italic","600","600italic","700","700italic","900","900italic"]},{"family":"Vollkorn SC","variants":["regular","600","700","900"]},{"family":"Voltaire","variants":["regular"]},{"family":"Waiting for the Sunrise","variants":["regular"]},{"family":"Wallpoet","variants":["regular"]},{"family":"Walter Turncoat","variants":["regular"]},{"family":"Warnes","variants":["regular"]},{"family":"Wellfleet","variants":["regular"]},{"family":"Wendy One","variants":["regular"]},{"family":"Wire One","variants":["regular"]},{"family":"Work Sans","variants":["100","200","300","regular","500","600","700","800","900"]},{"family":"Yanone Kaffeesatz","variants":["200","300","regular","700"]},{"family":"Yantramanav","variants":["100","300","regular","500","700","900"]},{"family":"Yatra One","variants":["regular"]},{"family":"Yellowtail","variants":["regular"]},{"family":"Yeon Sung","variants":["regular"]},{"family":"Yeseva One","variants":["regular"]},{"family":"Yesteryear","variants":["regular"]},{"family":"Yrsa","variants":["300","regular","500","600","700"]},{"family":"ZCOOL KuaiLe","variants":["regular"]},{"family":"ZCOOL QingKe HuangYou","variants":["regular"]},{"family":"ZCOOL XiaoWei","variants":["regular"]},{"family":"Zeyada","variants":["regular"]},{"family":"Zilla Slab","variants":["300","300italic","regular","italic","500","500italic","600","600italic","700","700italic"]},{"family":"Zilla Slab Highlight","variants":["regular","700"]}]}
